ÜrünBarkodu,Komisyon,Renk,Marka,İsim,SatışTutarı
3lugoldset,20,gold,KİLİG,3lü gold Yüzük Seti,19.99
4LuGoldset4,23,gold,KİLİG,Kadın Altın Kaplama 4lü Yüzük Seti (Ayarlanabilir),29.99
4LuGoldset3,22,gold,KİLİG,Kadın Altın Kaplama 4lü Yüzük Seti Ayarlanabilir,37
5LiGoldset7,22,gold,KİLİG,Kadın Altın Kaplama 5i Yüzük Seti Ayarlanabilir,111
asimetrikcentik,20,gold,KİLİG,Kadın Altın Kaplama Asimetrik Çentik Yüzük (Ayarlanabilir),29.99
hasıryzk1,20,gold,AURRARİ,Kadın Altın Kaplama Hasır Yüzük (Ayarlanabilir),25.99
YvrlkYzk1,20,gold,AURRARİ,Kadın Altın Kaplama Yuvarlak Şekilli Yüzük (Ayarlanabilir),25.99
DgmYzk1,20,gold,AURRARİ,Kadın Altın Kaplama Düğüm Yüzük (Ayarlanabilir),25.99
incezincir1,20,gold,AURRARİ,Kadın Altın Kaplama İnce Zincir Yüzük,25.99
MrsVnsYzk,20,gold,AURRARİ,Kadın Altın Kaplama İnce Mars ve Venüs Sembollu Yüzük,19.99
YunusBlkYzk04,20,gold,AURRARİ,Kadın Altın Kaplama Yunus Balığı Yüzük,19.99
İnceHltYzk03,20,gold,AURRARİ,Kadın Altın Kaplama İnce Halat Yüzük,19.99
GozlukYzk02,20,gold,AURRARİ,Kadın Altın Kaplama Gözlük Şekilli Yüzük,19.99
MinimalKalp,20,gold,AURRARİ,Kadın Altın Kaplama Minimal Kalp Yüzük,19.99
